# Source app/juce_main.cpp, baseline main 5135d6ee; source_line refers to construction or first usage; no physical QA implied.
type,id,label,source,group,destination,placement,status,handler
"TextButton","newProject_","New / Template","132","File / project","File menu / compact project header","resized","mapped","yes"
"TextButton","loadProject_","Open .flow","133","File / project","File menu / compact project header","resized","mapped","yes"
"TextButton","importWav_","Import WAV","134","File / project","File menu / compact project header","resized","mapped","yes"
"TextButton","saveProject_","Save Project","183","File / project","File menu / compact project header","resized","mapped","yes"
"TextButton","play_","Play","143","Transport","Compact transport / recording popover","resized","mapped","yes"
"TextButton","stop_","Stop","147","Transport","Compact transport / recording popover","resized","mapped","yes"
"TextButton","bpmMinus_","- BPM","144","Transport","Compact transport / recording popover","resized","mapped","yes"
"TextButton","bpmPlus_","+ BPM","145","Transport","Compact transport / recording popover","resized","mapped","yes"
"TextButton","undoButton_","Undo","184","Transport","Compact transport / recording popover","resized","mapped","yes"
"TextButton","redoButton_","Redo","185","Transport","Compact transport / recording popover","resized","mapped","yes"
"TextButton","commandPalette_","Commands","186","Workspace navigation","Center document tabs / View menu / Commands","resized","mapped","yes"
"TextButton","scan_","Scan Plugins Now","148","Plugin Browser / maintenance","Left Browser / Tools > Plugins","resized","mapped","yes"
"TextButton","pluginMaintenanceToggle_","Plugin Maintenance","255","Plugin Browser / maintenance","Left Browser / Tools > Plugins","resized","mapped","yes"
"TextButton","openEditor_","Preview Scanned Plugin","153","Plugin Browser / maintenance","Left Browser / Tools > Plugins","resized","mapped","yes"
"TextButton","setInstrument_","Set Instrument","179","Instrument / track","Selected-track inspector / FX actions","resized","mapped","yes"
"TextButton","clearInstrument_","Clear Instrument","180","Instrument / track","Selected-track inspector / FX actions","resized","mapped","yes"
"TextButton","addTrackFx_","Add Track FX","181","Instrument / track","Selected-track inspector / FX actions","resized","mapped","yes"
"TextButton","addMasterFx_","Add Master FX","182","Instrument / track","Selected-track inspector / FX actions","resized","mapped","yes"
"TextButton","muteTrack_","Mute","193","Mixer","Bottom mixer dock / contextual routing inspector","resized","mapped","yes"
"TextButton","soloTrack_","Solo","194","Mixer","Bottom mixer dock / contextual routing inspector","resized","mapped","yes"
"TextButton","mixerSetSend_","","204","Mixer","Bottom mixer dock / contextual routing inspector","presentation helper","mapped","yes"
"TextButton","mixerRemoveSend_","","205","Mixer","Bottom mixer dock / contextual routing inspector","presentation helper","mapped","yes"
"TextButton","arrangementTab_","Arrangement","221","Workspace navigation","Center document tabs / View menu / Commands","resized","mapped","yes"
"TextButton","pianoTab_","Piano Roll","222","Workspace navigation","Center document tabs / View menu / Commands","resized","mapped","yes"
"TextButton","sequencerTab_","Sequencer","223","Workspace navigation","Center document tabs / View menu / Commands","resized","mapped","yes"
"TextButton","automationTab_","Automation","224","Workspace navigation","Center document tabs / View menu / Commands","resized","mapped","yes"
"TextButton","samplerTab_","Sampler","225","Workspace navigation","Center document tabs / View menu / Commands","resized","mapped","yes"
"TextButton","mixerPanelToggle_","Hide Mixer","253","Mixer","Bottom mixer dock / contextual routing inspector","resized","mapped","yes"
"TextButton","utilityPanelToggle_","Settings / Audio","254","Utility / settings","Tools > Settings / utility drawer","resized","mapped","yes"
"TextButton","bankPrev_","Bank -","229","Workspace navigation","Center document tabs / View menu / Commands","resized","mapped","yes"
"TextButton","bankNext_","Bank +","230","Workspace navigation","Center document tabs / View menu / Commands","resized","mapped","yes"
"TextButton","analyzeSample_","Analyze","135","Sampler / Chop","Sampler/Chops contextual toolbar","resized","mapped","yes"
"TextButton","chop8_","CHOP 8","136","Sampler / Chop","Sampler/Chops contextual toolbar","resized","mapped","yes"
"TextButton","autoChop_","Auto Chop","137","Sampler / Chop","Sampler/Chops contextual toolbar","resized","mapped","yes"
"TextButton","chopBeat_","Beat Chop","138","Sampler / Chop","Sampler/Chops contextual toolbar","resized","mapped","yes"
"TextButton","chopBar_","Bar Chop","139","Sampler / Chop","Sampler/Chops contextual toolbar","resized","mapped","yes"
"TextButton","matchBpm_","Match BPM","140","Sampler / Chop","Sampler/Chops contextual toolbar","resized","mapped","yes"
"TextButton","exportMix_","Export…","141","File / project","File menu / compact project header","resized","mapped","yes"
"TextButton","exportStems_","","142","File / project","File menu / compact project header","resized","hidden alias; export via exportMix_","no / other"
"TextButton","stopPreview_","Stop Preview","239","Sampler / Chop","Sampler/Chops contextual toolbar","resized","mapped","yes"
"TextButton","recChops_","REC CHOPS","240","Sampler / Chop","Sampler/Chops contextual toolbar","resized","mapped","yes"
"TextButton","chopReset_","Reset Feel","244","Sampler / Chop","Sampler/Chops contextual toolbar","resized","mapped","yes"
"TextButton","recAudio_","REC Audio","245","Transport","Compact transport / recording popover","resized","mapped","yes"
"TextButton","monitorInput_","Monitor","246","Transport","Compact transport / recording popover","resized","mapped","yes"
"TextButton","prevTake_","Take -","247","Transport","Compact transport / recording popover","resized","mapped","yes"
"TextButton","nextTake_","Take +","248","Transport","Compact transport / recording popover","resized","mapped","yes"
"TextButton","renamePad_","Rename","232","Sampler / Chop","Sampler/Chops contextual toolbar","resized","mapped","yes"
"TextButton","padGainMinus_","Gain -","233","Sampler / Chop","Sampler/Chops contextual toolbar","resized","mapped","yes"
"TextButton","padGainPlus_","Gain +","234","Sampler / Chop","Sampler/Chops contextual toolbar","resized","mapped","yes"
"TextButton","padPanMinus_","Pan -","235","Sampler / Chop","Sampler/Chops contextual toolbar","resized","mapped","yes"
"TextButton","padPanPlus_","Pan +","236","Sampler / Chop","Sampler/Chops contextual toolbar","resized","mapped","yes"
"TextButton","padChokeMinus_","Choke -","237","Sampler / Chop","Sampler/Chops contextual toolbar","resized","mapped","yes"
"TextButton","padChokePlus_","Choke +","238","Sampler / Chop","Sampler/Chops contextual toolbar","resized","mapped","yes"
"TextButton","addRackGain_","+ FLOW Gain","158","Rack / native FX","Mixer inserts / FX rack / Inspector","not found","legacy registered; no main geometry","yes"
"TextButton","addRackClip_","+ Soft Clip","159","Rack / native FX","Mixer inserts / FX rack / Inspector","not found","legacy registered; no main geometry","yes"
"TextButton","addRackWidth_","+ Width","160","Rack / native FX","Mixer inserts / FX rack / Inspector","not found","legacy registered; no main geometry","yes"
"TextButton","addRackExternal_","+ Plugin","161","Rack / native FX","Mixer inserts / FX rack / Inspector","not found","legacy registered; no main geometry","yes"
"TextButton","addRackNative_","Add Native","175","Rack / native FX","Mixer inserts / FX rack / Inspector","resized","mapped","yes"
"TextButton","applyNativePreset_","Apply Preset","177","Rack / native FX","Mixer inserts / FX rack / Inspector","resized","mapped","yes"
"TextButton","rackMoveUp_","Up","162","Rack / native FX","Mixer inserts / FX rack / Inspector","presentation helper","mapped","yes"
"TextButton","rackMoveDown_","Down","163","Rack / native FX","Mixer inserts / FX rack / Inspector","presentation helper","mapped","yes"
"TextButton","rackEnabled_","Disable","164","Rack / native FX","Mixer inserts / FX rack / Inspector","presentation helper","mapped","yes"
"TextButton","rackBypass_","Bypass","165","Rack / native FX","Mixer inserts / FX rack / Inspector","presentation helper","mapped","yes"
"TextButton","rackRemove_","Remove","166","Rack / native FX","Mixer inserts / FX rack / Inspector","presentation helper","mapped","yes"
"TextButton","openRackEditor_","Open Insert","167","Rack / native FX","Mixer inserts / FX rack / Inspector","presentation helper","mapped","yes"
"ComboBox","pluginChoice_","","154","Plugin Browser / maintenance","Left Browser / Tools > Plugins","resized","mapped","no / other"
"ComboBox","pluginKindChoice_","","152","Plugin Browser / maintenance","Left Browser / Tools > Plugins","resized","mapped","yes"
"ComboBox","trackChoice_","","178","Instrument / track","Selected-track inspector / FX actions","resized","mapped","yes"
"ComboBox","mixerTargetChoice_","","189","Mixer","Bottom mixer dock / contextual routing inspector","resized","mapped","yes"
"ComboBox","mixerOutputChoice_","","200","Mixer","Bottom mixer dock / contextual routing inspector","presentation helper","mapped","yes"
"ComboBox","mixerSendBusChoice_","","201","Mixer","Bottom mixer dock / contextual routing inspector","presentation helper","mapped","yes"
"ComboBox","patternChoice_","","227","Workspace navigation","Center document tabs / View menu / Commands","resized","mapped","yes"
"ComboBox","sampleChoice_","","228","Workspace navigation","Center document tabs / View menu / Commands","resized","mapped","yes"
"ComboBox","rackTargetChoice_","","155","Rack / native FX","Mixer inserts / FX rack / Inspector","presentation helper","mapped","yes"
"ComboBox","rackPluginChoice_","","156","Rack / native FX","Mixer inserts / FX rack / Inspector","presentation helper","mapped","yes"
"ComboBox","rackParamChoice_","","157","Rack / native FX","Mixer inserts / FX rack / Inspector","presentation helper","mapped","yes"
"ComboBox","nativePluginChoice_","","172","Rack / native FX","Mixer inserts / FX rack / Inspector","resized","mapped","no / other"
"ComboBox","nativePresetChoice_","","176","Rack / native FX","Mixer inserts / FX rack / Inspector","resized","mapped","yes"
"ComboBox","chopGridChoice_","","241","Sampler / Chop","Sampler/Chops contextual toolbar","resized","mapped","yes"
"TextEditor","pluginSearch_","","151","Plugin Browser / maintenance","Left Browser / Tools > Plugins","resized","mapped","no / other"
"TextEditor","padName_","","231","Sampler / Chop","Sampler/Chops contextual toolbar","resized","mapped","no / other"
"Slider","mixerVolume_","","190","Mixer","Bottom mixer dock / contextual routing inspector","resized","mapped","yes"
"Slider","mixerPan_","","191","Mixer","Bottom mixer dock / contextual routing inspector","resized","mapped","yes"
"Slider","mixerSendGain_","","202","Mixer","Bottom mixer dock / contextual routing inspector","presentation helper","mapped","no / other"
"Slider","rackWet_","","168","Rack / native FX","Mixer inserts / FX rack / Inspector","presentation helper","mapped","yes"
"Slider","rackParam_","","169","Rack / native FX","Mixer inserts / FX rack / Inspector","presentation helper","mapped","yes"
"Slider","chopQuantizeStrength_","","242","Sampler / Chop","Sampler/Chops contextual toolbar","resized","mapped","yes"
"Slider","chopHumanizeStrength_","","243","Sampler / Chop","Sampler/Chops contextual toolbar","resized","mapped","yes"
"ToggleButton","mixerSendPre_","","0","Mixer","Bottom mixer dock / contextual routing inspector","presentation helper","mapped","no / other"
